cnpj;H2
60619202001896;talvez
60619202000490;talvez
331788004530;talvez
35820448019317;talvez
43843358003023;talvez
00331788005773;talvez
00331788006230;talvez
60619202002272;talvez
24380578005903;talvez
35820448021303;talvez
35820448022024;talvez
45829243000175;talvez
54443328000101;talvez
00331788010939;talvez
00331788000623;talvez
35820448006410;talvez
35820448010360;talvez
35820448015915;talvez
35820448017454;talvez
02605266000355;talvez
24380578000260;talvez
67423152000178;talvez
24380578004176;talvez
24380578000936;talvez
34597955002648;talvez
35820448003909;talvez
60619202001624;talvez
35820448009940;talvez
35820448019821;talvez
00331788006150;talvez
43843358003457;talvez
24380578006543;talvez
35820448020676;talvez
35820448021052;talvez
74481011000681;talvez
35820448022458;talvez
00331788003487;talvez
24380578002203;talvez
34597955000785;talvez
34597955001595;talvez
35820448002341;talvez
35820448009869;talvez
35820448010794;talvez
35820448011766;talvez
35820448014277;talvez
43843358002132;talvez
67423152000330;talvez
60619202000148;talvez
35820448005448;talvez
60619202005450;talvez
00331788001603;talvez
35820448015591;talvez
24380578005300;talvez
00331788004882;talvez
17352435000106;talvez
74481011000762;talvez
00331788001786;talvez
00331788003134;talvez
24380578002475;talvez
24380578004338;talvez
34597955001242;talvez
35820448004638;talvez
35820448006339;talvez
43843358001322;talvez
60619202007231;talvez
00331788003649;talvez
35820448012657;talvez
00331788000380;talvez
00331788000704;talvez
67423152000844;talvez
35820448019074;talvez
24380578005814;talvez
00331788004963;talvez
00331788008365;talvez
00331788007717;talvez
24380578006110;talvez
28606961000163;talvez
35820448021990;talvez
00331788000119;talvez
00331788001948;talvez
35820448001884;talvez
35820448009516;talvez
35820448016644;talvez
35820448017969;talvez
35820448018000;talvez
35820448018183;talvez
60619202003597;talvez
67423152000763;talvez
60619202001209;talvez
00331788002162;talvez
34597955001323;talvez
35820448013548;talvez
00331788002324;talvez
35820448004476;talvez
60619202002515;talvez
00331788002758;talvez
35820448014005;talvez
35820448008544;talvez
10590049000103;talvez
35820448019589;talvez
00331788006311;talvez
35820448020242;talvez
35820448020595;talvez
74481011000410;talvez
00331788006079;talvez
00331788002405;talvez
24380578000421;talvez
02605266000193;talvez
35820448010018;talvez
35820448013700;talvez
43843358000946;talvez
60619202000903;talvez
60619202005964;talvez
00331788003304;talvez
35820448013386;talvez
60619202003910;talvez
43843358002051;talvez
35820448000217;talvez
00331788002677;talvez
60619202001977;talvez
60619202005700;talvez
60619202002191;talvez
35820448019660;talvez
35820448019236;talvez
00331788005005;talvez
35820448021567;talvez
24380578006896;talvez
35820448022377;talvez
51403119000146;talvez
35820448022539;talvez
55380948000101;talvez
00331788001190;talvez
05471794000195;talvez
02605266000274;talvez
05665483000167;talvez
05679553000136;talvez
24380578002041;talvez
35820448016210;talvez
43843358000512;talvez
43843358001594;talvez
43843358002302;talvez
74481011000177;talvez
60619202001705;talvez
35820448014196;talvez
24380578002980;talvez
60619202000229;talvez
60619202002949;talvez
60619202006693;talvez
35820448020838;talvez
35820448020919;talvez
35820448022881;talvez
00331788004106;talvez
00331788002081;talvez
05470672000184;talvez
24380578004680;talvez
35820448001299;talvez
35820448003666;talvez
35820448008110;talvez
60619202001110;talvez
60619202003325;talvez
35820448001965;talvez
00331788002243;talvez
24380578004761;talvez
67423152000682;talvez
24380578003951;talvez
43843358000199;talvez
60619202003406;talvez
08763149000134;talvez
60619202002353;talvez
24380578005733;talvez
35820448019155;talvez
18487144000180;talvez
43843358003619;talvez
00331788009337;talvez
35820448022296;talvez
24380578003285;talvez
35820448016482;talvez
35820448005952;talvez
35820448006924;talvez
43843358001756;talvez
60619202000733;talvez
34597955000513;talvez
35820448009435;talvez
34597955000432;talvez
43843358001918;talvez
35820448003070;talvez
60619202004801;talvez
00331788001271;talvez
35820448016725;talvez
60619202004054;talvez
24380578006462;talvez
17891872000190;talvez
74481011000843;talvez
67423152001905;talvez
00331788003053;talvez
00331788004025;talvez
24380578002556;talvez
24380578004923;talvez
35820448016806;talvez
43843358000865;talvez
00331788004297;talvez
60619202006502;talvez
67423152000410;talvez
67423152000925;talvez
72819618000199;talvez
35820448010522;talvez
60619202005107;talvez
00331788005501;talvez
00331788006583;talvez
00331788006664;talvez
24380578006705;talvez
00331788004610;talvez
43843358003538;talvez
62505841000108;talvez
60619202001462;talvez
00331788001867;talvez
35820448018345;talvez
35820448000721;talvez
35820448004395;talvez
43843358000350;talvez
60619202004135;talvez
60619202004992;talvez
67423152001220;talvez
